Frame,EgoScore,EgoDX_BEV,EgoDY_BEV
2,118.1637,0.1451,-4.7243
3,146.8766,0.3095,-7.0168
4,154.0913,0.2586,-6.7359
5,140.1072,0.0166,-3.9262
6,113.8341,-0.2628,-0.2306
7,105.1753,-0.5202,2.42
8,103.0172,-0.6785,3.5383
9,102.0655,-0.7455,3.7426
10,94.2553,-0.6401,1.098
11,86.393,-0.5386,-0.3176
12,81.0708,-0.5174,-0.9865
13,77.9344,-0.5342,-1.6532
14,74.8174,-0.6013,-1.3705
15,71.1592,-0.4901,-0.8069
16,67.9158,-0.7801,0.4495
17,65.6356,-0.7876,0.9801
18,63.9066,-0.7404,1.2463
19,62.2323,-0.8478,1.0516
20,61.3998,-0.8612,1.6447
21,59.3797,-0.5973,0.5905
22,57.8527,-0.5024,0.9701
23,57.0175,-0.6099,1.4566
24,55.718,-0.5638,0.9272
25,54.233,-0.6096,0.5229
26,52.4322,-0.243,-0.277
27,51.0566,-0.5721,-0.3423
28,50.7268,-0.3424,-1.651
29,50.6733,-0.364,-1.9352
30,50.6717,-0.8268,-1.8485
31,51.0998,0.066,-2.5397
32,50.8499,0.0692,-4.4262
33,49.4154,0.1466,-5.3002
34,47.7358,0.3891,-4.7092
35,47.0573,0.3444,-3.0928
36,50.312,-0.7909,-4.1812
37,48.5585,-0.2023,0.311
38,46.9339,0.1738,1.6441
39,46.1322,0.4662,2.8158
40,47.8611,0.3872,3.3231
41,50.7319,0.2647,4.0616
42,53.0044,0.0291,3.8408
43,54.5395,0.1609,3.5759
44,54.1549,0.357,0.9715
45,55.6488,0.6847,-2.6498
46,60.5947,1.0473,-6.7547
47,66.587,1.2949,-8.3483
48,71.8949,0.8805,-7.7693
49,76.6115,1.2311,-6.9018
50,77.7901,1.1387,-3.0662
51,78.0285,0.6771,0.8997
52,79.565,0.8089,2.8228
53,82.1606,0.3801,4.6784
54,84.3479,0.2863,3.6989
55,85.6422,0.3996,2.3221
56,86.4152,0.4937,1.1984
57,87.4761,0.401,1.8979
58,88.4692,0.2257,2.8689
59,90.63,-0.078,4.5615
60,92.9006,0.1068,4.7485
61,93.379,-0.0732,3.1137
62,89.9334,0.0403,-0.2893
63,88.5327,0.321,-3.6071
64,90.1271,0.6036,-6.6111
65,93.8492,0.7222,-7.544
66,96.2244,0.6291,-7.0776
67,100.2109,0.4637,-5.134
68,101.1577,0.2019,-2.7821
69,98.908,0.1173,0.1007
70,98.2537,-0.0055,2.5604
71,97.9914,0.0031,3.7556
72,98.6625,-0.0485,4.6458
73,98.4512,-0.0801,3.3251
74,100.0003,-0.3347,2.8745
75,99.4879,-0.0588,2.1211
76,95.625,-0.1837,2.1923
77,89.6673,-0.0891,1.2958
78,85.0714,-0.0718,2.3028
79,79.9363,0.0538,0.8469
80,78.0817,0.1213,-1.0383
81,80.1266,0.2507,-3.5711
82,82.2308,0.4085,-5.4461
83,83.2041,0.4744,-5.8425
84,84.6166,0.4576,-5.3855
85,85.383,0.2479,-3.2665
86,85.2364,0.0978,-1.116
87,83.9271,0.0771,-0.3605
88,81.969,0.1488,0.5066
89,78.5054,0.339,0.2231
90,76.8303,-0.1415,2.7359
91,75.2002,-0.0918,1.1548
92,77.4934,-0.3154,3.0276
93,75.302,-0.1162,0.9848
94,70.0214,-0.1089,0.2816
95,64.1739,-0.086,0.5549
96,59.6127,-0.1152,1.6279
97,56.644,-0.0427,1.5918
98,55.2684,0.0097,1.1387
99,58.1589,-0.2042,3.6174
100,58.8193,-0.0597,3.3523
101,57.2588,0.1539,1.8767
102,53.6063,0.2191,0.1457
103,51.9041,0.2111,-1.2659
104,51.8804,0.1019,-2.8637
105,54.8805,0.3915,-5.7086
106,58.177,0.4113,-6.142
107,63.5125,0.5242,-7.6836
108,67.2321,0.2064,-6.7644
109,71.3148,0.3815,-5.7351
110,73.0807,0.2229,-3.1566
111,70.1313,-0.0199,-0.0354
112,66.8144,-1.2397,0.8106
113,63.5455,-0.2279,1.9256
114,60.7905,-0.5724,2.0194
115,58.9898,-0.9855,0.5218
116,58.6873,-0.7412,0.1547
117,59.3663,-0.3378,-1.1342
118,59.7238,-0.2498,-0.9239
119,60.1409,-0.345,-0.838
120,59.6564,-0.3619,2.1277
121,61.3724,-0.451,3.186
122,61.815,-0.5597,3.531
123,64.4748,-0.6279,4.1359
124,66.9775,-0.5074,3.266
125,68.276,-0.4369,2.0742
126,67.0808,-0.1251,0.1532
127,65.8474,-0.0407,0.1046
128,65.7345,-0.0075,-1.0033
129,64.3476,-0.0922,-1.9567
130,64.7046,-0.0933,-3.7801
131,67.115,-0.0006,-4.7754
132,70.9954,0.0853,-4.9189
133,74.3389,0.0834,-5.295
134,76.4126,-0.105,-5.3528
135,73.9365,-0.2346,-2.7407
136,69.1262,-0.2835,-0.258
137,64.2228,-0.3191,1.7891
138,60.505,-0.5236,2.246
139,58.4097,-0.509,3.1931
140,58.4792,-0.5277,3.2046
141,60.6171,-0.5256,2.5526
142,60.9749,-0.3986,1.8684
143,60.1485,-0.314,0.8938
144,58.769,-0.3671,0.249
145,58.3928,-0.5397,-0.3862
146,58.6774,-0.466,-0.995
147,58.8422,-0.5257,-1.2772
148,59.2947,-0.3698,-1.4538
149,59.6662,-0.3955,-1.2929
150,59.11,-0.3995,-1.4362
151,57.9561,-0.484,-1.768
152,56.5688,-0.5868,-1.818
153,55.2697,-0.4588,-2.5839
154,54.6495,-0.7072,-2.4614
155,55.3841,-0.8044,-2.8915
156,57.4603,-0.8516,-2.5508
157,58.825,-0.7269,-1.5917
158,60.6576,-1.7078,-2.7091
159,60.3336,-1.459,0.58
160,58.331,-1.2481,0.5845
161,55.2898,-0.8798,0.7028
162,52.083,-0.972,0.4506
163,48.9797,-0.9333,-1.2646
164,49.2878,-2.2475,-5.2638
165,59.5489,-4.5764,-14.3521
166,73.3101,-4.6313,-16.2498
167,78.8249,-2.6817,-7.9975
168,83.6782,-3.6111,-7.2842
169,86.7078,-3.0124,-6.1731
170,92.2282,-4.8299,-8.6101
171,91.6373,-1.0818,1.5583
172,92.1876,-1.6376,-1.9817
173,93.6649,-1.094,-2.4904
174,97.2426,-1.1562,-4.5936
175,100.739,-1.7714,-4.5249
176,103.4686,-0.9297,-4.2744
177,104.5678,0.8322,-2.5688
178,105.0761,1.3386,-1.6312
179,104.9468,1.0179,-0.6297
180,104.5802,0.3495,-0.9909
181,104.0039,0.2071,-1.1226
182,103.3724,-0.3449,-1.0997
183,105.4215,-0.4926,-5.0593
184,110.9596,-2.328,-8.9075
185,116.5218,-2.6792,-9.2975
186,118.9605,-2.323,-5.1127
187,118.7763,-1.3233,-0.7655
188,117.1569,-1.1634,0.4818
189,116.4877,-0.4507,0.6205
190,118.07,-1.5227,-2.9016
191,123.2123,-2.8473,-6.7184
192,126.2663,-2.6293,-3.9394
193,126.68,-1.7138,-1.1576
194,125.0315,-2.3036,-2.9532
195,115.8303,-2.0474,-3.4625
196,104.0662,-2.5072,-1.201
197,99.8333,-0.5706,3.3067
198,96.9838,-0.9721,4.6094
199,94.5601,-0.8191,3.8748
200,87.7311,-0.4311,1.6212
201,86.3542,-0.2313,0.0799
202,85.2403,-0.0892,-1.2309
203,84.1005,-0.0553,-1.3512
204,81.9286,0.0571,-2.1299
205,79.5992,0.0747,-2.0626
206,77.8945,0.0103,-2.3286
207,78.4245,0.1621,-3.3323
208,79.1395,0.0748,-2.9672
209,79.7204,-0.0658,-1.8929
210,79.2657,-0.3155,-0.3943
211,79.1227,-0.4959,0.8337
212,79.9808,-0.71,2.0635
213,77.1343,-0.6292,1.5442
214,70.6236,-0.5875,1.264
215,63.0928,-0.4484,0.4551
216,58.7796,-0.3436,0.2745
217,57.7248,-0.2031,-0.167
218,57.8168,0.0913,-1.3666
219,59.6214,0.5312,-2.884
220,60.0329,0.7735,-3.6905
221,57.4513,0.8935,-4.1028
222,57.0176,0.9464,-4.1081
223,58.1809,0.7827,-3.3745
224,57.1368,0.6002,-2.419
225,54.4326,0.3109,-0.7127
226,52.5892,0.2006,0.5314
227,51.5014,0.0117,2.0501
228,49.9231,-0.1958,2.8101
229,48.7539,-0.1731,2.5516
230,48.2456,0.2883,1.0278
